{
    "usdt": 2.511042000000005,
    "btc": 0.0010000000000000002
}